treatment,mean,n,sd,se
Ambient,0.039684355188515,120,0.01679860437414195,0.0015334957583870831
High,0.04757210883006917,120,0.01470882858697962,0.001342726201927596
